<!--*************************************************
Windows 10 Answer File Generator
Created using Windows AFG found at:
;http://www.windowsafg.com
Installation Notes - Pro - User1 admin accnt, pwd=PASSWORD PST, skipoobe GPT_MAX SDI+imgptn
Location:
Notes: Win10 64 UEFI US Max ptn

**************************************************-->

<?xml version="1.0" encoding="utf-8"?>
<unattend xmlns="urn:schemas-microsoft-com:unattend">

<settings pass="windowsPE">

<component name="Microsoft-Windows-International-Core-WinPE" processorArchitecture="amd64" publicKeyToken="31bf3856ad364e35" language="neutral" versionScope="nonSxS" xmlns:wcm="http://schemas.microsoft.com/WMIConfig/2002/State" xmlns:xsi="http://www.w3.org/2001/XMLSchema-instance">
<SetupUILanguage>
<UILanguage>en-US</UILanguage>
</SetupUILanguage>
<InputLocale>0409:00000409</InputLocale>
<SystemLocale>en-US</SystemLocale>
<UILanguage>en-US</UILanguage>
<UILanguageFallback>en-US</UILanguageFallback>
<UserLocale>en-US</UserLocale>
</component>

<component name="Microsoft-Windows-Setup" processorArchitecture="amd64" publicKeyToken="31bf3856ad364e35" language="neutral" versionScope="nonSxS" xmlns:wcm="http://schemas.microsoft.com/WMIConfig/2002/State" xmlns:xsi="http://www.w3.org/2001/XMLSchema-instance">

<RunSynchronous>
<RunSynchronousCommand wcm:action="add">
<Order>1</Order> 
<Path>cmd /q /c  "FOR %i IN (C D E F G H I J K L N M O P Q R S T U V W X Y Z) DO IF EXIST %i:\_ISO\E2B\FIRADISK\LOADISONP.CMD  cmd /k %i:\_ISO\E2B\FIRADISK\LOADISONP.cmd"</Path>
<Description>Mount ISO as Virtual DVD</Description> 
</RunSynchronousCommand>
</RunSynchronous>

<DiskConfiguration>
<!-- 
EFI 100MB + MSR 128MB + Windows MAX
-->
<Disk wcm:action="add">
<DiskID>0</DiskID> 
<WillWipeDisk>true</WillWipeDisk> 
<CreatePartitions>

<!-- EFI system partition (ESP) -->
<CreatePartition wcm:action="add">
<Order>1</Order> 
<Type>EFI</Type> 
<Size>100</Size> 
</CreatePartition>

<!-- Microsoft reserved partition (MSR) -->
<CreatePartition wcm:action="add">
<Order>2</Order> 
<Type>MSR</Type> 
<Size>128</Size> 
</CreatePartition>

<!-- Windows partition -->
<CreatePartition wcm:action="add">
<Order>3</Order> 
<Type>Primary</Type> 
<Extend>true</Extend> 
</CreatePartition>

</CreatePartitions>
<ModifyPartitions>

<!-- EFI system partition (ESP) -->
<ModifyPartition wcm:action="add">
<Order>1</Order> 
<PartitionID>1</PartitionID> 
<Label>System</Label> 
<Format>FAT32</Format> 
</ModifyPartition>

<!-- MSR partition does not need to be modified -->

<!-- Windows partition -->
<ModifyPartition wcm:action="add">
<Order>2</Order> 
<PartitionID>3</PartitionID> 
<Label>Windows</Label> 
<Letter>C</Letter> 
<Format>NTFS</Format> 
</ModifyPartition>
</ModifyPartitions>
</Disk>

<WillShowUI>OnError</WillShowUI> 
</DiskConfiguration>

<ImageInstall>
<OSImage>
<InstallTo>
<DiskID>0</DiskID> 
<PartitionID>3</PartitionID> 
</InstallTo>

<InstallToAvailablePartition>false</InstallToAvailablePartition>
</OSImage>
</ImageInstall>

<UserData>
<AcceptEula>true</AcceptEula>
<FullName>User1</FullName>
<Organization>E2B</Organization>
<ProductKey>
<Key>W269N-WFGWX-YVC9B-4J6C9-T83GX</Key>
</ProductKey>
</UserData>

<EnableFirewall>true</EnableFirewall>
</component>
</settings>

<settings pass="offlineServicing">
<component name="Microsoft-Windows-LUA-Settings" processorArchitecture="amd64" publicKeyToken="31bf3856ad364e35" language="neutral" versionScope="nonSxS" xmlns:wcm="http://schemas.microsoft.com/WMIConfig/2002/State" xmlns:xsi="http://www.w3.org/2001/XMLSchema-instance">
<EnableLUA>false</EnableLUA>
</component>
</settings>


<settings pass="generalize">
<component name="Microsoft-Windows-Security-SPP" processorArchitecture="amd64" publicKeyToken="31bf3856ad364e35" language="neutral" versionScope="nonSxS" xmlns:wcm="http://schemas.microsoft.com/WMIConfig/2002/State" xmlns:xsi="http://www.w3.org/2001/XMLSchema-instance">
<SkipRearm>1</SkipRearm>
</component>
</settings>
<settings pass="specialize">

<component name="Microsoft-Windows-International-Core" processorArchitecture="amd64" publicKeyToken="31bf3856ad364e35" language="neutral" versionScope="nonSxS" xmlns:wcm="http://schemas.microsoft.com/WMIConfig/2002/State" xmlns:xsi="http://www.w3.org/2001/XMLSchema-instance">
<InputLocale>0409:00000409</InputLocale>
<SystemLocale>en-US</SystemLocale>
<UILanguage>en-US</UILanguage>
<UILanguageFallback>en-US</UILanguageFallback>
<UserLocale>en-US</UserLocale>
</component>

<component name="Microsoft-Windows-Security-SPP-UX" processorArchitecture="amd64" publicKeyToken="31bf3856ad364e35" language="neutral" versionScope="nonSxS" xmlns:wcm="http://schemas.microsoft.com/WMIConfig/2002/State" xmlns:xsi="http://www.w3.org/2001/XMLSchema-instance">
<SkipAutoActivation>true</SkipAutoActivation>
</component>

<component name="Microsoft-Windows-SQMApi" processorArchitecture="amd64" publicKeyToken="31bf3856ad364e35" language="neutral" versionScope="nonSxS" xmlns:wcm="http://schemas.microsoft.com/WMIConfig/2002/State" xmlns:xsi="http://www.w3.org/2001/XMLSchema-instance">
<CEIPEnabled>0</CEIPEnabled>
</component>

<component name="Microsoft-Windows-Shell-Setup" processorArchitecture="amd64" publicKeyToken="31bf3856ad364e35" language="neutral" versionScope="nonSxS" xmlns:wcm="http://schemas.microsoft.com/WMIConfig/2002/State" xmlns:xsi="http://www.w3.org/2001/XMLSchema-instance">
<ComputerName>E2B-PC</ComputerName>
<ProductKey>W269N-WFGWX-YVC9B-4J6C9-T83GX</ProductKey>
</component>

<component name="Microsoft-Windows-Deployment" processorArchitecture="amd64" publicKeyToken="31bf3856ad364e35" language="neutral" versionScope="nonSxS" xmlns:wcm="http://schemas.microsoft.com/WMIConfig/2002/State" xmlns:xsi="http://www.w3.org/2001/XMLSchema-instance">
<RunSynchronous>
<RunSynchronousCommand wcm:action="add">
<Order>1</Order> 
<Path>cmd /q /c "FOR %i IN (C D E F G H I J K L N M O P Q R S T U V W X Y Z) DO IF EXIST %i:\_ISO\WINDOWS\INSTALLS\CONFIGS\SDI_CHOCO.CMD cmd /k %i:\_ISO\WINDOWS\INSTALLS\CONFIGS\SDI_CHOCO.cmd"</Path>
<Description>Run Install</Description> 
</RunSynchronousCommand>
</RunSynchronous>
</component>

</settings>

<settings pass="oobeSystem">

<component name="Microsoft-Windows-Shell-Setup" processorArchitecture="amd64" publicKeyToken="31bf3856ad364e35" language="neutral" versionScope="nonSxS" xmlns:wcm="http://schemas.microsoft.com/WMIConfig/2002/State" xmlns:xsi="http://www.w3.org/2001/XMLSchema-instance">
<AutoLogon>
<Password>
<Value></Value>
<PlainText>true</PlainText>
</Password>
<Enabled>true</Enabled>
<Username>User1</Username>
</AutoLogon>
<OOBE>
<HideEULAPage>true</HideEULAPage>
<HideOEMRegistrationScreen>true</HideOEMRegistrationScreen>
<HideOnlineAccountScreens>true</HideOnlineAccountScreens>
<HideWirelessSetupInOOBE>true</HideWirelessSetupInOOBE>
<NetworkLocation>Home</NetworkLocation>
<SkipUserOOBE>true</SkipUserOOBE>
<SkipMachineOOBE>true</SkipMachineOOBE>
<ProtectYourPC>1</ProtectYourPC>
</OOBE>
<UserAccounts>
<LocalAccounts>
<LocalAccount wcm:action="add">
<Password>
<Value></Value>
<PlainText>true</PlainText>
</Password>
<Description></Description>
<DisplayName>User1</DisplayName>
<Group>Administrators</Group>
<Name>User1</Name>
</LocalAccount>
</LocalAccounts>
</UserAccounts>
<RegisteredOrganization>E2B</RegisteredOrganization>
<RegisteredOwner></RegisteredOwner>
<DisableAutoDaylightTimeSet>false</DisableAutoDaylightTimeSet>
<FirstLogonCommands>
<SynchronousCommand wcm:action="add">
<Description>Control Panel View</Description>
<Order>1</Order>
<CommandLine>reg add "HKEY_CURRENT_USER\Software\Microsoft\Windows\CurrentVersion\Explorer\ControlPanel" /v StartupPage /t REG_DWORD /d 1 /f</CommandLine>
<RequiresUserInput>true</RequiresUserInput>
</SynchronousCommand>
<SynchronousCommand wcm:action="add">
<Order>2</Order>
<Description>Control Panel Icon Size</Description>
<RequiresUserInput>false</RequiresUserInput>
<CommandLine>reg add "HKEY_CURRENT_USER\Software\Microsoft\Windows\CurrentVersion\Explorer\ControlPanel" /v AllItemsIconView /t REG_DWORD /d 0 /f</CommandLine>
</SynchronousCommand>
</FirstLogonCommands>
<TimeZone>Pacific Standard Time</TimeZone>
</component>
</settings>
</unattend>

